-- phpMyAdmin SQL Dump
-- version 5.2.1
-- https://www.phpmyadmin.net/
--
-- Host: 127.0.0.1
-- Generation Time: Feb 15, 2026 at 07:56 AM
-- Server version: 10.4.32-MariaDB
-- PHP Version: 8.2.12

SET SQL_MODE = "NO_AUTO_VALUE_ON_ZERO";
START TRANSACTION;
SET time_zone = "+00:00";


/*!40101 SET @OLD_CHARACTER_SET_CLIENT=@@CHARACTER_SET_CLIENT */;
/*!40101 SET @OLD_CHARACTER_SET_RESULTS=@@CHARACTER_SET_RESULTS */;
/*!40101 SET @OLD_COLLATION_CONNECTION=@@COLLATION_CONNECTION */;
/*!40101 SET NAMES utf8mb4 */;

--
-- Database: `appdb`
--

-- --------------------------------------------------------

--
-- Table structure for table `attraction`
--

CREATE TABLE `attraction` (
  `attraction_id` int(11) NOT NULL,
  `attraction_name` varchar(255) DEFAULT NULL,
  `type_id` int(11) DEFAULT NULL,
  `district_id` int(11) DEFAULT NULL,
  `sect_id` int(11) DEFAULT NULL,
  `lat` decimal(10,8) DEFAULT NULL,
  `lng` decimal(11,8) DEFAULT NULL,
  `sacred_obj` text DEFAULT NULL,
  `offering` text DEFAULT NULL
) ENGINE=InnoDB DEFAULT CHARSET=utf8mb4 COLLATE=utf8mb4_general_ci;

--
-- Dumping data for table `attraction`
--

INSERT INTO `attraction` (`attraction_id`, `attraction_name`, `type_id`, `district_id`, `sect_id`, `lat`, `lng`, `sacred_obj`, `offering`) VALUES
(1, 'วัดนักบุญมัทธิว (ทุ่งลูกนก)', 2, 1, 1, 14.02389419, 99.88878592, 'นักบุญมัทธิว', 'ดอกไม้, เทียน'),
(2, 'วัดนักบุญอันเดร (บางเลน)', 2, 4, 1, 14.01638420, 100.21507387, 'นักบุญอันเดร อัครสาวก', 'ดอกไม้, เทียน'),
(3, 'วัดพระตรีเอกภาพ (หนองหิน)', 2, 6, 1, 13.80921517, 100.00996663, 'พระตรีเอกภาพ', 'ดอกไม้สด และการเข้าร่วมพิธีมิสซา'),
(4, 'วัดพระคริสตกษัตริย์', 13, 6, 1, 13.82065863, 100.05389377, 'พระรูปพระคริสตกษัตริย์', 'ดอกไม้, เทียน'),
(5, 'วัดพระแม่มารีอา (Maria Immaculata Chapel - Mary\'s Hostel)', 6, 7, 1, 13.72034921, 100.26831951, 'พระแม่มารีอาปฏิสนธินิรมล', 'ดอกไม้สีขาว/ฟ้า'),
(6, 'วัดนักบุญเปโตร (วัดโรมัน)', 11, 7, 1, 13.71917242, 100.23250637, 'พระเยซูเจ้า/พระเมสสิยาห์', 'ดอกไม้สด, เทียน'),
(7, 'สักการสถานบุญราศีนิโคลาส บุญเกิด กฤษบำรุง', 11, 7, 1, 13.71852258, 100.23197905, 'อัฐิธาตุบุญราศีนิโคลาส / พระแม่มารีอา', 'พวงมาลัย, ดอกกล้วยไม้, ขอพรเรื่องสุขภาพ'),
(8, 'วัดพระเยซูเจ้าเสด็จขึ้นสวรรค์ (วัดหมอศรี)', 11, 7, 1, 13.71758903, 100.26240789, 'เจ้าเสด็จขึ้นสวรรค์	ไม้กางเขน / พระเยซูเจ้า / พระแม่มารีอา', 'ดอกไม้สด, เทียน'),
(9, 'วัดนักบุญโยเซฟ (บ้านเณรเล็ก)', 11, 7, 1, 13.72209489, 100.25800275, 'นักบุญโยเซฟ (St. Joseph)', 'ดอกไม้สด, เทียนเล่มเล็ก'),
(10, 'อารามคาร์แมล (ชีลับ)', 12, 7, 1, 13.72991888, 100.24104493, 'นักบุญเทเรซาแห่งพระกุมารเยซู (นักบุญแห่งดอกกุหลาบ)', 'ดอกกุหลาบสด'),
(11, 'ศาลเจ้าฉีเทียนฮุกป๋อตั๊วไต้เสี่ยฮุกโจ้ว (ศาลเจ้าพ่อเห้งเจีย)', 8, 1, 2, 13.93321790, 100.02985240, 'เจ้าพ่อเห้งเจีย ', 'เจ้าพ่อเห้งเจีย '),
(12, 'ศาลเจ้าเหล่าตาแป๊ะ(ศาลเจ้าพ่อขุนด่าน (แป๊ะกง)', 9, 1, 2, 13.94165000, 100.00322300, 'แป๊ะกง ', 'แป๊ะกง '),
(13, 'ศาลเจ้าฉีเทียนฮุกป๋อตั๊วไต่เสี่ยฮุกโจ้ว ', 9, 1, 2, 13.93321790, 100.02985240, 'เทพเจ้าเห้งเจีย', 'เทพเจ้าเห้งเจีย'),
(14, 'ศาลเจ้าเหล่าตาแป๊ะกง', 9, 2, 2, 13.96117690, 100.06511610, 'ปุนเถ้ากง/แป๊ะกง (เจ้าที่)', 'ปุนเถ้ากง/แป๊ะกง (เจ้าที่)'),
(15, 'ศาลเจ้าไต่เสี่ยฮุกโจ้ว (องค์เห้งเจีย)', 8, 3, 2, 13.93663711, 100.02968171, 'เทพเจ้าเห้งเจีย', 'เทพเจ้าเห้งเจีย'),
(16, 'ศาลเจ้าอาม้าปุนเถ้ากง (หรือศาลเจ้าปึงเถ่ากงม่า)', 9, 3, 2, 13.99964300, 100.68791530, 'ปุนเถ้ากง/แป๊ะกง (เจ้าที่)', 'ปุนเถ้ากง/แป๊ะกง (เจ้าที่)'),
(17, 'ศาลเจ้าแม่ทับทิม (ศาลอาม่า)', 9, 4, 2, 13.95386720, 100.20889790, 'เจ้าแม่ทับทิมซังฮี้ ', 'เจ้าแม่ทับทิมซังฮี้ '),
(18, 'โรงเจเปาเก็งเต็ง ซอย 1 ', 5, 6, 2, 13.81104880, 100.21900600, 'ไต่เสี่ยฮุกโจ้ว(เทพเจ้าเห้งเจีย)', 'ไต่เสี่ยฮุกโจ้ว(เทพเจ้าเห้งเจีย)'),
(19, 'โรงเจโพธิ์ง่วนตึ๊ง', 5, 6, 2, 13.82449602, 100.06390637, 'เทพทรัพย์สิน (ไฉ่ซิ้งเอี๊ยะ)', 'เทพทรัพย์สิน (ไฉ่ซิ้งเอี๊ยะ)'),
(20, 'ศาลเจ้าชำอ้วงเอี๊ย(ศาลเจ้าม้าดำ)', 8, 6, 2, 13.82496470, 100.06525720, 'เทพเจ้าซำซัวก๊กอ๊วง/เจ้าแม่กวนอิม/ พระยูไล', 'เทพเจ้าซำซัวก๊กอ๊วง/เจ้าแม่กวนอิม/ พระยูไล'),
(21, 'ศาลเจ้าม้าดำ (ซำซัวก๊กอ้วง) ', 8, 6, 2, 13.82755017, 100.06548399, 'ซำซัวก๊กอ้วง', 'ซำซัวก๊กอ้วง'),
(22, 'ศาลเจ้าปุนเถ้าม้า', 9, 6, 2, 13.42321080, 101.10696470, 'ปุนเถ่ากง(ปุนเถ่าม่า)/แป๊ะกง (เจ้าที่)', 'ปุนเถ่ากง(ปุนเถ่าม่า)/แป๊ะกง (เจ้าที่)'),
(23, 'ศาลเจ้าตาแป๊ะ (แป๊ะกง)', 9, 6, 2, 13.89532712, 99.97099399, 'แป๊ะกง (เจ้าที่)', 'แป๊ะกง (เจ้าที่)'),
(24, 'ศาลเจ้าเที่ยงสี่เนี้ยว(เที่ยงสี่เนี้ย)', 9, 6, 2, 13.82173110, 100.02395520, 'เที่ยงสี่เนี้ยว(พระแม่ผู้เป็นใหญ่ในสวรรค์)', 'เที่ยงสี่เนี้ยว(พระแม่ผู้เป็นใหญ่ในสวรรค์)'),
(25, 'ศาลเจ้าอาเนี้ยว (ปิ่นเกลียว)', 9, 6, 2, 13.84200640, 100.03445320, 'เจ้าแม่เบิกไพร/เจ้าแม่กวนอิม', 'เจ้าแม่เบิกไพร/เจ้าแม่กวนอิม'),
(26, 'ศาลเจ้าปุนเถ้ากง', 9, 7, 2, 13.74378900, 100.50291830, 'ปุนเถ้ากง/แป๊ะกง (เจ้าที่)', 'ปุนเถ้ากง/แป๊ะกง (เจ้าที่)'),
(27, 'ศาลเจ้าอาเกี้ยว', 9, 7, 2, 13.75291241, 100.22852194, 'พระโพธิสัตว์กวนอิม', 'พระโพธิสัตว์กวนอิม'),
(28, 'ศาลเจ้าเจกงอู', 9, 7, 2, 13.74875415, 100.49964747, 'เทพเจ้ากวนอู', 'เทพเจ้ากวนอู'),
(29, 'ศาลเจ้าปุนเถ้าม่า', 9, 7, 2, 13.42321080, 101.10696470, 'ปุนเถ้ากง/แป๊ะกง (เจ้าที่)', 'ปุนเถ้ากง/แป๊ะกง (เจ้าที่)'),
(30, 'ศาลเจ้าเล่าปุณเฒ่ากง', 9, 7, 2, 13.70921840, 100.22629770, 'ปุนเถ้ากง/แป๊ะกง (เจ้าที่)', 'ปุนเถ้ากง/แป๊ะกง (เจ้าที่)'),
(31, 'ศาลเจ้าปุนเถ้ากง', 9, 7, 2, 13.74378900, 100.50291830, 'ปุนเถ้ากง/แป๊ะกง (เจ้าที่)', 'ปุนเถ้ากง/แป๊ะกง (เจ้าที่)'),
(32, 'ศาลเจ้ามูลนิธิอุบลรังษีจุฬามณี', 9, 7, 2, 13.79711661, 100.31403369, 'เจ้าแม่กวนอิมพันกร', 'เจ้าแม่กวนอิมพันกร'),
(33, 'ศาลเจ้าพ่อเสือ', 8, 1, 3, 15.46514920, 100.14082330, 'ตั่วเหล่าเอี๊ย (เสียนเทียนเสี่ยงตี่)', 'ตั่วเหล่าเอี๊ย (เสียนเทียนเสี่ยงตี่)'),
(34, 'ศาลเจ้าสี่จูงฮุกตึ้ง', 5, 2, 4, 13.91381080, 100.08221930, 'กิ้วอ๋องไต่เ帝 (เทพเจ้าดาวนพเคราะห์)/หันเซียงจื่อ/ฮ้อเซียนโกว/ลื่อต้งปิง/เชาก๊กกู๋', 'กิ้วอ๋องไต่เ帝 (เทพเจ้าดาวนพเคราะห์)/หันเซียงจื่อ/ฮ้อเซียนโกว/ลื่อต้งปิง/เชาก๊กกู๋'),
(35, 'ศาลพระโพธิสัตว์กวนอิม ทุ่งพิชัย', 5, 2, 4, 13.92620680, 100.06509270, 'พระโพธิสัตว์กวนอิม ', 'พระโพธิสัตว์กวนอิม '),
(36, 'ศาลเจ้าเป้าเก้งเต็ง(โรงเจเปาเก็งเต็ง)', 5, 3, 4, 13.81104880, 100.21900600, 'เจ้าแม่กวนอิม/กวงเที่ยงฮุกโจ้ว', 'เจ้าแม่กวนอิม/กวงเที่ยงฮุกโจ้ว'),
(37, 'ศาลเจ้าโรงเจยงเฮงตั้ว', 5, 3, 4, 13.82519890, 100.22565635, 'เทพดาวกระบวยใต้/ เทพดาวกระบวยเหนือ /พระกวนอิม/เทพเจ้ากวนอู/เทียงโหวเซี้ยบ้อ', 'เทพดาวกระบวยใต้/ เทพดาวกระบวยเหนือ /พระกวนอิม/เทพเจ้ากวนอู/เทียงโหวเซี้ยบ้อ'),
(38, 'ศาลเจ้าเต่งฮกตั๊ง (โรงเจเปาเก็งเต๊งงิ้วราย)', 5, 4, 4, 13.81104880, 100.21900600, 'กิ่วอ้วงฮุดโจ้ว/เง็กอ้วงเทียงจุง/กิ่วเทียงเนี่ยเนี้ย', 'กิ่วอ้วงฮุดโจ้ว/เง็กอ้วงเทียงจุง/กิ่วเทียงเนี่ยเนี้ย'),
(39, 'โรงเจฮะเฮงฮุกตึ้ง (ศาลเจ้าฮะเฮงตั้ว)', 5, 4, 4, 14.10915215, 100.17811466, 'เจ้าแม่ทับทิม', 'เจ้าแม่ทับทิม'),
(40, 'ศาลเจ้าฮะเฮงตั้ว', 5, 4, 4, 13.93597068, 100.02951005, 'พระพุทธเจ้า/พระซำเทียนฮุกโจ้ว/จุ้ยบ้วยเนี้ย', 'พระพุทธเจ้า/พระซำเทียนฮุกโจ้ว/จุ้ยบ้วยเนี้ย'),
(41, 'ศาลเจ้าโพงง่วนตั๊ง (เจตั๊ง)', 5, 6, 4, 13.82386035, 100.06385296, 'กวนอิม/กิ้วอ๋อง/โป๊ยเซียน', 'กวนอิม/กิ้วอ๋อง/โป๊ยเซียน'),
(42, 'ศาลเจ้าเป้าเก้งเต็ง', 5, 6, 4, 13.38791410, 99.75428160, 'อากงไต่เสี่ยฮุกโจ้ว(เจ้าพ่อเห้งเจีย)', 'อากงไต่เสี่ยฮุกโจ้ว(เจ้าพ่อเห้งเจีย)'),
(43, 'ศาลเจ้าจุยง่วนตั๊ง (เจตั๊ง)', 5, 7, 4, 13.76839312, 100.24380911, 'กิ่วอ๊วงฮุกโจ้ว/เต๋าบ้อหง่วงกุง', 'กิ่วอ๊วงฮุกโจ้ว/เต๋าบ้อหง่วงกุง'),
(44, 'ศาลเจ้าแม่ทับทิม (ศาลแม่เจ้าฟ้า)', 8, 6, 5, 13.73799480, 100.52403700, 'เจ้าแม่ทับทิม (ตุ้ยบ่วยเต็งเหนี่ยง)', 'เจ้าแม่ทับทิม (ตุ้ยบ่วยเต็งเหนี่ยง)'),
(45, 'ศาลเจ้าพ่อเสือ (วิหารเทวาพิทักษ์ราษฎร์)', 8, 6, 5, 13.83256550, 100.02591120, 'เจ้าพ่อเสือ (ตั่วเหล่าเอี้ย)', 'เจ้าพ่อเสือ (ตั่วเหล่าเอี้ย)'),
(46, 'ศาลเจ้าพ่อหลักเมือง', 10, 1, 6, 14.47847440, 100.11096920, 'เจ้าพ่อหลักเมือง', 'เจ้าพ่อหลักเมือง'),
(47, 'ศาลเจ้าพ่อหลักเมือง', 10, 3, 6, 14.47847440, 100.11096920, 'เจ้าพ่อหลักเมือง', 'เจ้าพ่อหลักเมือง'),
(48, 'วัดสระมงคล', 7, 1, 7, 14.07366770, 100.01099140, 'เรือไม้ตะเคียนโบราณ, หลวงพ่อดำ, หลวงปู่เจิม', 'เป็นเขตอภัยทานที่มีเต่าและปลาจำนวนมาก เชื่อว่าการมาทำบุญให้อาหารสัตว์ที่นี่ช่วยสะเดาะเคราะห์ต่อชะตาชีวิต'),
(49, 'วัดหนองแกเล็กสุวรรณาราม', 7, 1, 7, 14.10169800, 99.99678410, 'สถานที่ปฏิบัติธรรม', 'ไม่มีของแก้บนหรือเครื่องสักการะที่เฉพาะเจาะจง'),
(50, 'วัดป่าศรัทธาธรรม', 7, 1, 7, 14.08784916, 100.00899613, 'ไม่มีข้อมูล', 'ไม่มีข้อมูล'),
(51, 'วัดสระน้ำส้ม', 7, 1, 7, 13.93159340, 100.03988450, 'องค์เทพนคาราชเทวา', 'ไม่มีข้อมูล'),
(52, 'วัดป่าอนาลโย', 7, 1, 7, 14.08592736, 99.96574548, 'หลวงปู่สมหมาย จิตตปาโล', 'ไม่มีข้อมูล'),
(53, 'วัดหนองกร่าง', 7, 1, 7, 14.05139620, 99.90533482, 'ไม่มีข้อมูล', 'ไม่มีของแก้บนหรือเครื่องสักการะที่เฉพาะเจาะจง'),
(54, 'วัดคลองตัน', 7, 1, 7, 14.00528596, 100.04482145, 'ไม่มีข้อมูล', 'ไม่มีข้อมูล'),
(55, 'วัดท่าตำหนัก', 7, 3, 7, 13.78668680, 100.17156500, 'นางกวักรุ่นแรก', 'ไม่พบข้อมูลที่ระบุเฉพาะเจาะจงว่า \"วัดท่าตำหนัก\" มีของแก้บนที่แตกต่างออกไปจากความเชื่อหลักนี้'),
(56, 'วัดธรรมมณฑล', 7, 3, 7, 13.82895830, 100.19980860, 'ศาลพ่อปู่ศรีสุทโธ และแม่ย่าศรีปทุมมา', 'ไข่ต้ม และ ไก่ต้ม'),
(57, 'วัดท่ากระชับ', 7, 3, 7, 13.76079520, 100.15657590, 'เป็นวัดป่าที่เน้นการปฏิบัติธรรมและมีความเงียบสงบ', 'ไม่มีข้อมูล'),
(58, 'วัดป่าศรีถาวร', 7, 3, 7, 13.84808240, 100.27715510, 'ไม่มีข้อมูล', 'ไม่มีข้อมูล'),
(59, 'วัดชุมนุมศรัทธา', 7, 4, 7, 14.02838400, 100.17170450, 'ท้าวเวสสุวรรณ, หลวงพ่อท้วม (พระครูกิตติวัฒน์) ', 'ดอกกุหลาบแดง 9 ดอก, น้ำแดง, ผ้าแดง'),
(60, 'วัดบอนใหญ่', 7, 4, 7, 14.15401200, 100.24564600, 'พระพุทธปฏิมาประธาน ปางมารวิชัย', 'ของทั่วไปตามความเชื่อ'),
(61, 'วัดอุดมสิทธิกุล', 7, 4, 7, 13.97628470, 100.27065740, 'วัดป่ากรรมฐาน ซึ่งเน้นการปฏิบัติภาวนาตามแนวทางของหลวงปู่มั่น', NULL),
(62, 'วัดป่าสติปัฏฐานญาณสัมปันโน', 7, 5, 7, 13.80082950, 100.28666990, 'ไม่มีข้อมูล', 'ไม่มีข้อมูล'),
(63, 'วัดป่าศรีถาวรคลองโยง', 7, 5, 7, 13.84808240, 100.27715510, 'พระพุทธสิริสัตตราช (หลวงพ่อหยกขาว)', 'ไม่มีข้อมูล'),
(64, 'วัดสิริวัฒนาราม', 7, 5, 7, 13.82705410, 100.29605360, 'พระอุโบสถ (สีขาวนวล)', 'การทำบุญถวายสังฆทาน/ผ้าไตร'),
(65, 'วัดเสนหา', 4, 6, 7, 13.82515540, 100.04807360, 'เทพบุตรนาคราช', 'พวงมาลัย ดอกไม้ และเครื่องหอม'),
(66, 'วัดสระกะเทียม', 7, 6, 7, 13.76216610, 99.96492150, 'หลวงปู่มิ่ง ฐานจาโร', 'ไม่มีข้อมูล'),
(67, 'วัดป่าปฐมชัย', 7, 6, 7, 13.83398750, 100.00304690, 'พระบรมสารีริกธาตุ , พระพุทธชินราช', 'ดอกไม้ขาว/พวงมาลัย'),
(68, 'วัดศิริไชยาราม', 7, 6, 7, 13.83933750, 99.95573440, 'ไม่มีข้อมูล', 'ไม่มีข้อมูล'),
(69, 'วัดแหล่งทองแดงพรหมสราราม', 7, 6, 7, 13.90091250, 100.04895890, 'พระประธานพระพุทธทวารวดีศรีรัตนโกสินทร์', 'ไม่มีข้อมูล'),
(70, 'วัดทุ่งน้อยสามัคคี', 7, 6, 7, 13.84912820, 100.08842690, 'เป็นวัดราษฎร์ที่เน้นกิจกรรมทางพระพุทธศาสนาและเป็นศูนย์กลางของชุมชนท้องถิ่น', 'ไม่มีข้อมูล'),
(71, 'วัดสิรินธรเทพรัตนาราม', 7, 7, 7, 13.69604670, 100.28491370, 'พระพุทธสิหิงค์จำลอง (พระประธาน)', 'ไม่มีของแก้บนที่เฉพาะเจาะจง วัดนี้เน้นหลักธรรมคำสอนและกิจกรรม \"บวร\" (บ้าน วัด โรงเรียน) ผู้ที่มาทำบุญส่วนใหญ่มักจะถวายสังฆทาน เติมน้ำมันตะเกียง หรือร่วมบริจาคเพื่อการศึกษาหรือกิจกรรมสาธารณประโยชน์ของวัด'),
(72, 'คริสตจักรหนองกร่าง กำแพงแสน', 3, 1, 8, 14.05841064, 99.90680750, 'พระเยซูคริสต์', 'อธิษฐานขอพร'),
(73, 'คริสตจักรพระสิริของพระเจ้า นครชัยศรี', 3, 3, 8, 13.81572350, 100.13826052, 'พระเยซูคริสต์', 'อธิษฐานขอพร'),
(74, ' คริสตจักร​พระคุณ​ของ​พระเจ้า นครชัยศรี', 3, 3, 8, 13.81069514, 100.18186226, 'พระเยซูคริสต์', 'อธิษฐานขอพร'),
(75, 'คริสตจักรร่มเย็นตลาดใหม่ศาลายา', 3, 5, 8, 13.80964799, 100.31254145, 'พระเยซูคริสต์', 'อธิษฐานขอพร'),
(76, 'คริสตจักรสานสัมพันธ์ศาลายา Nexus Christian Church Salaya', 3, 5, 8, 13.80437616, 100.30392895, 'พระเยซูคริสต์', 'อธิษฐานขอพร'),
(77, 'คริสตจักรของพระเจ้าในศาลายา', 3, 5, 8, 13.80798099, 100.31975123, 'พระเยซูคริสต์', 'อธิษฐานขอพร'),
(78, 'คริสตจักรจีนนครปฐม', 3, 6, 8, 13.82217024, 100.05399720, 'พระเยซูคริสต์', 'อธิษฐานภาวนา'),
(79, 'คริสตจักรแบ๊บติสต์นครปฐม', 3, 6, 8, 13.82588823, 100.06567135, 'พระเยซูคริสต์', 'อธิษฐานขอพร'),
(80, 'คริสตจักรจีนนครปฐม', 3, 6, 8, 13.82237387, 100.05393087, 'พระเยซูคริสต์', 'อธิษฐานขอพร'),
(81, 'คริสตจักรหนองดินแดงร่มเย็น', 3, 6, 8, 13.77152385, 99.98263058, 'พระเยซูคริสต์', 'อธิษฐานขอพร'),
(82, 'คริสตจักรสามพราน', 1, 7, 8, 13.74603170, 100.20968715, 'พระเยซูคริสต์', 'อธิษฐานขอพร'),
(83, 'คริสตจักรธารน้ำพุ', 3, 7, 8, 13.73165716, 100.24850874, 'พระเยซูคริสต์', 'อธิษฐานขอพร'),
(84, 'คริสตจักรชื่นชมยินดี', 3, 7, 8, 13.77373487, 100.30104370, 'พระเยซูคริสต์', 'อธิษฐานขอพร'),
(85, 'โรงเจวัดสว่างอารมณ์ (แคแถว)', 5, 3, 9, 13.74572040, 100.18080760, 'พระตรีมูรติ ปาง 9 หน้า/เจ้าสัว ยี่กอฮง/พ่อปู่ศรีสุทโธ', 'พระตรีมูรติ ปาง 9 หน้า/เจ้าสัว ยี่กอฮง/พ่อปู่ศรีสุทโธ'),
(86, 'วัดสระพัง', 7, 1, 10, 14.02510710, 100.03239180, 'หลวงพ่อดำ', 'ไข่ต้ม หรือ จ้างมหรสพ'),
(87, 'วัดอ้อน้อย ', 7, 1, 10, 13.93311060, 99.99961660, 'มีชื่อเสียงในด้านการปฏิบัติธรรมและเป็นศูนย์รวมศรัทธาของพุทธศาสนิกชน', '-'),
(88, 'วัดไร่แตงทอง', 7, 1, 10, 13.98519840, 99.84851150, 'หลวงปู่หลิว ปณฺณโก', 'สิ่งที่นิยมนำมาถวายคือ ผักบุ้ง และ ลิโพ '),
(89, 'วัดทุ่งกระพังโหม', 7, 1, 10, 14.04511980, 99.99025590, 'หลวงพ่อมงคลจักรพรรดิ เป็นพระพุทธรูปปางจักรพรรดิทรงเครื่องขนาดใหญ่ หน้าตักกว้างถึง 20 เมตร 9 เซนติเมตร เป็นไฮไลท์และจุดดึงดูดหลักของวัดที่ผู้คนนิยมมากราบสักการะเพื่อความเป็นสิริมงคล', 'ทองคำเปลว ดอกไม้ ธูป เทียน การบริจาค'),
(90, 'วัดเจริญราษฎร์บำรุง', 7, 1, 10, 14.08225700, 99.98385340, 'สมเด็จองค์ปฐมปางมหาจักรพรรดิ์', 'ไม่มีข้อมูล'),
(91, 'วัดห้วยผักชี', 7, 1, 10, 13.97356250, 99.88193750, 'หลวงพ่อเงิน (พระพุทธเจริญโชค)  หลวงพ่อปั่น (อดีตเจ้าอาวาส)', 'ไม่มีของแก้บนหรือเครื่องสักการะที่เฉพาะเจาะจง'),
(92, 'วัดสี่แยกเจริญพร', 7, 1, 10, 14.02986450, 99.85352530, 'หลวงปู่หลิวประทับพญาเต่าเรือน (องค์ใหญ่)', 'ผลไม้ และ น้ำแดง สำหรับถวายหลวงปู่หลิวและแม่ตะเคียน'),
(93, 'วัดสุวรรณรัตนาราม', 7, 1, 10, 13.63000600, 100.31358530, 'หลวงปู่เทียบ (พระอธิการเทียบ ปวฑฺฒโน)', 'การร่วมทำบุญบูรณะวัด  ถวายสังฆทาน'),
(94, 'วัดกำแพงแสน', 7, 1, 10, 13.99445413, 99.94846481, 'พิพิธภัณฑ์วัดกำแพงแสน', 'แผ่นทองและธูปเทียน'),
(95, 'วัดหนองกระทุ่ม', 7, 1, 10, 14.01992620, 99.85337220, 'หลวงปู่ปั่น กวิสฺสโร (อดีตเจ้าอาวาส)', 'ไม่มีของแก้บนหรือเครื่องสักการะที่เฉพาะเจาะจง'),
(96, 'วัดห้วยม่วง', 7, 1, 10, 14.12828136, 100.04079857, 'ไอ้ไข่ เด็กวัดเจดีย์, หลวงพ่อสัมฤทธิ์ศักดิ์สิทธิ์ ', 'น้ำแดง, ชุดทหารลายพราง, ของเล่นเด็ก, หนังสติ๊ก'),
(97, 'วัดไผ่รื่นรมย์', 7, 1, 10, 14.07368750, 99.92568750, 'หลวงพ่อล้อม ชยธมฺโม และวัตถุมงคล', 'ไม่มีข้อมูล'),
(98, 'วัดสว่างชาติประชาบำรุง', 7, 1, 10, 14.00406250, 99.98468750, 'หลวงพ่อทราวดี, นางกวัก', 'น้ำแดง, พวงมาลัยดอกดาวเรือง, แผ่นทองคำเปลว'),
(99, 'วัดศาลาตึก', 7, 1, 10, 13.95762210, 99.87639150, 'หลวงพ่อลำเจียก (พระครูสิทธิชัยวิศาล)', 'การถวายสังฆทานและผ้าไตร  พวงมาลัยดอกไม้และอาหารคาวหวาน'),
(100, 'วัดประชาราษฎร์บำรุง', 7, 1, 10, 13.99227924, 99.90840297, 'หลวงปู่แผ้ว ปวโร ท้าวเวสสุวรรณ', 'ไม่มีข้อมูล'),
(101, 'วัดปทุมทองสุทธาราม', 7, 1, 10, 14.11386790, 100.01203250, 'พระจตุภาคี', 'ไม่มีข้อมูล'),
(102, 'วัดหนองขามพัฒนา', 7, 1, 10, 13.96854590, 99.98830970, 'ไม่มีข้อมูล', 'การถวายสังฆทานและบริจาคเพื่อการศึกษา'),
(103, 'วัดหนองจิก', 7, 1, 10, 14.57874870, 100.87193900, 'ไม่มีข้อมูล', 'ไม่มีของแก้บนหรือเครื่องสักการะที่เฉพาะเจาะจง'),
(104, 'วัดหนองปลาไหล', 7, 1, 10, 13.95121140, 100.00400170, 'ไม่มีข้อมูล', 'ไม่มีข้อมูล'),
(105, 'วัดหนองหมู', 7, 1, 10, 14.09348010, 100.01830820, 'พระอธิการทอง ปญฺญาวุฒโฑ', 'การถวายสังฆทานและบริจาคทั่วไป'),
(106, 'วัดหนองโพธิ์', 7, 1, 10, 14.21075330, 101.25090490, 'ไม่มีข้อมูล', 'พวงมาลัย ดอกไม้ และธูปเทียน'),
(107, 'วัดท่าเสา', 7, 1, 10, 13.63786530, 100.25195100, ' เป็นวัดราษฎร์ที่เน้นกิจกรรมทางพระพุทธศาสนาและเป็นศูนย์กลางของชุมชนท้องถิ่น', 'ของศักการะทั่วไปตามความเชื่อ'),
(108, 'วัดทะเลบก', 7, 1, 10, 14.12153680, 99.98256650, 'ชื่อ \"ทะเลบก\" มาจากสภาพพื้นที่ในอดีตที่มีแหล่งน้ำกว้างขวางคล้ายทะเล เป็นวัดราษฎร์ที่เน้นกิจกรรมทางศาสนาและเป็นศูนย์กลางการศึกษาของชุมชน ', 'ของทั่วไปตามความเชื่อ'),
(109, 'วัดหนองศาลา', 7, 1, 10, 14.02706250, 99.88518750, 'ไม่มีข้อมูล', 'ไม่มีข้อมูล'),
(110, 'วัดบ่อน้ำจืด', 7, 1, 10, 14.01804480, 100.01990430, 'หลวงพ่อพุทธนิมิตร อายุมากกว่า 700 ปี', 'ไม่มีข้อมูล'),
(111, 'วัดสระสี่มุม', 7, 1, 10, 14.08045130, 100.02689860, 'หลวงพ่อดำ, เจดีย์โบราณ', 'ไม่มีข้อมูล'),
(112, 'วัดสองห้อง', 7, 1, 10, 13.92067780, 100.04230660, 'ไม่มีข้อมูล', 'ไม่มีข้อมูล'),
(113, 'วัดราษฎร์ภิรมย์วราราม', 7, 1, 10, 14.06509340, 100.04854030, 'หลวงพ่อดำในวิหาร', 'ไม่มีข้อมูล'),
(114, 'วัดวังน้ำเขียว', 7, 1, 10, 13.99182290, 100.01826600, 'ไม่มีข้อมูล', 'ไม่มีของแก้บนที่เฉพาะเจาะจง'),
(115, 'วัดดอนเตาอิฐ', 7, 1, 10, 12.93164320, 100.00688730, 'เน้นไปที่การทำบุญตามประเพณีและกิจกรรมทางศาสนาทั่วไปของชุมชน', 'ดอกไม้ ธูป เทียน  เครื่องไทยธรรมและปัจจัย'),
(116, 'วัดดอนมะกอก', 7, 1, 10, 14.03995500, 100.01650400, 'เป็นวัดราษฎร์ที่เน้นการปฏิบัติธรรมและเป็นศูนย์กลางทางศาสนาของชุมชนที่เงียบสงบ', NULL),
(117, 'วัดดอนทอง', 7, 1, 10, 13.48887090, 101.13677020, 'เป็นวัดป่าสายปฏิบัติธรรม', 'ไม่มีข้อมูล'),
(118, 'วัดปลักไม้ลาย', 7, 1, 10, 13.93588980, 99.96468980, 'หลวงพ่อยิ้ม', 'ไม่มีข้อมูล'),
(119, 'วัดโพธิ์งาม', 7, 1, 10, 13.50655430, 99.91805910, 'พระประธานประจำอุโบสถเป็นพระพุทธรูปปางพระพุทธชินราช', 'ดอกไม้ ธูป เทียน น้ำดื่ม ตามประเพณีทั่วไป '),
(120, 'วัดลาดหญ้าไทร', 7, 1, 10, 13.91144460, 100.01639920, 'พระพุทธรูปปางสะดุ้งมาร พระสารีบุตร พระโมคคัลลา รูปเหมือนลอยองค์พระครูสิงห์โต อภงุกโร สมเด็จพระพุทโธสุดโต รูปเหมือนลอยองค์พระครูอาชววิมล (สุดใจ อุซุจาโร)', 'ไม่มีข้อมูล'),
(121, 'วัดปฐมโพธิญาณ', 7, 1, 10, 14.00111150, 99.84876370, 'ไม่มีข้อมูล', 'ไม่มีข้อมูล'),
(122, 'วัดนิยมธรรมวราราม(วัดทุ่งควายหาย)', 7, 1, 10, 14.04400350, 99.95514340, 'หลวงพ่อโต', 'ไม่มีข้อมูล'),
(123, 'วัดพุทธสันติธรรม', 7, 1, 10, 14.00806250, 100.02843750, 'ไม่มีข้อมูล', 'ไม่มีข้อมูล'),
(124, 'วัดหนองเจริญธรรม', 7, 1, 10, 14.05289100, 99.85376600, 'ไม่มีข้อมูล', 'การถวายน้ำดื่ม/ภัตตาหาร เนื่องจากวัดเป็นศูนย์กลางชุมชน ผู้คนนิยมมาทำบุญถวายสังฆทานเพื่อเป็นการแก้เคล็ดหรือทำบุญในโอกาสสำคัญ'),
(125, 'วัดสุขวราราม', 7, 2, 10, 13.87742620, 100.10075720, 'หลวงพ่อองค์ปฐมพุทธมหามงคล', 'พวงมาลัยดอกไม้และอาหารคาวหวาน การแก้บนตามความเชื่อท้องถิ่นมักนิยมใช้พวงมาลัยดอกไม้สด ผลไม้ หรือการทำบุญสังฆทานถวายแด่พระสงฆ์'),
(126, 'วัดสระสี่เหลี่ยม', 7, 2, 10, 13.89475330, 100.11844510, 'พระสังกัจจายน์ หรือ พระมหากัจจายนะ', 'ผลไม้มงคล, ดอกบัวสีขาว'),
(127, 'วัดสามง่าม', 7, 2, 10, 13.96481250, 100.08356250, 'วัดสามง่าม นครปฐม เด่นเรื่อง \"กุมารทอง\" และ \"เครื่องรางของขลัง\" โดยเฉพาะ \"กุมารทอง\" ของหลวงพ่อเต๋ คงทอง และหลวงพ่อแย้ม ซึ่งโด่งดังด้านโชคลาภ', 'ของเล่นเด็ก ,  น้ำแดง , ขนมหวาน'),
(128, 'วัดกงลาด', 7, 2, 10, 13.89165868, 100.08971678, 'เหรียญหลวงพ่อเบิด ฐิตเสโณ', 'พวงมาลัย ดอกไม้ และเครื่องเซ่นไหว้ตามธรรมเนียมลาวครั่ง'),
(129, 'วัดทุ่งผักกูด', 7, 2, 10, 13.90922210, 100.10189270, 'เป็นวัดเก่าแก่ที่มีความสำคัญทางประวัติศาสตร์และวัฒนธรรมท้องถิ่นของกลุ่มชาติพันธุ์ลาวครั่งที่อาศัยอยู่ในบริเวณนั้น ', 'ของทั่วไปตามความเชื่อ'),
(130, 'วัดแหลมมะเกลือ', 7, 2, 10, 13.98718750, 100.07039500, 'ไม่มีข้อมูล', 'ไม่มีข้อมูล'),
(131, 'วัดบ้านหลวง', 7, 2, 10, 13.91551000, 100.15168900, 'หลวงพ่อศรีบวร', 'ไม่มีข้อมูล'),
(132, 'วัดลำเหย', 7, 2, 10, 13.95509861, 100.04560339, 'ไม่มีข้อมูล', 'ไม่มีข้อมูล'),
(133, 'วัดลำลูกบัว', 7, 2, 10, 14.01041800, 100.09685970, 'ไม่มีข้อมูล', 'ไม่มีข้อมูล'),
(134, 'วัดหนองกระพี้', 7, 2, 10, 13.91493750, 100.14331250, 'หลวงพ่อดำ', 'ไม่มีของแก้บนหรือเครื่องสักการะที่เฉพาะเจาะจง'),
(135, 'วัดดอนพุทรา', 7, 2, 10, 13.93069490, 100.13308160, 'เป็นวัดราษฎร์เก่าแก่ที่เน้นกิจกรรมทางศาสนาและเป็นศูนย์รวมจิตใจของชุมชนท้องถิ่น', NULL),
(136, 'วัดดอนตูม', 7, 2, 10, 13.96302400, 100.10972050, 'เป็นวัดที่เงียบสงบไม่ได้เด่นอะไร', 'ไม่มีข้อมูล'),
(137, 'วัดทุ่งสีหลง', 7, 2, 10, 13.95893750, 100.06293750, 'พระประธานในอุโบสถ', 'ของทั่วไปตามความเชื่อ'),
(138, 'วัดเลาเต่า', 7, 2, 10, 13.90643750, 100.07668750, 'หลวงพ่อแกละ อินทะสะโร', 'ดอกไม้ ธูป เทียน '),
(139, 'วัดหัวถนน', 7, 2, 10, 13.92799668, 100.11100411, 'ไม่มีข้อมูล', 'ไม่มีข้อมูล'),
(140, 'วัดห้วยพระ', 7, 2, 10, 13.92200070, 100.08407460, 'หลวงพ่อบารมี', 'ไม่มีข้อมูล'),
(141, 'วัดตะโกสูง', 7, 2, 10, 13.99960100, 100.06557940, 'เป็นวัดราษฎร์ที่เน้นกิจกรรมทางพระพุทธศาสนาและการเป็นศูนย์กลางของชุมชน', 'ของทั่วไปตามความเชื่อ'),
(142, 'วัดทุ่งพิชัย', 7, 2, 10, 13.92908590, 100.06977980, 'เป็นสถานที่ท่องเที่ยวมีสิ่งศักดิ์สิทธิ์ที่โดดเด่นอย่างศาลพระโพธิสัตว์กวนอิม', 'ของสักการะเจ้าแม่กวนอิม'),
(143, 'วัดงิ้วราย', 7, 3, 10, 13.80931460, 100.21974930, 'ตาทองงิ้วราย', 'ไม่มีข้อมูล'),
(144, 'วัดโคกพระเจดีย์', 7, 3, 10, 13.73854166, 100.12027157, 'หลวงพ่อดำ พระอาจารย์วิชัย โกวิโท เจดีย์โบราณ', 'ขนมจีนน้ำยา (1-2 หาบ) และ ประทั'),
(145, 'วัดห้วยตะโก', 7, 3, 10, 13.79308490, 100.13090430, 'หลวงพ่อหิน', 'ปิดทองหรือทำบุญตามความเชื่อเฉพาะบุคคล'),
(146, 'วัดท่าใน', 7, 3, 10, 13.79756750, 100.15772080, 'หลวงพ่อห่วง สุวณฺโณ', 'สิ่งของที่มีกลิ่นหอม หรือ ของที่พระสงฆ์สามารถใช้ได้'),
(147, 'วัดท้องไทร', 7, 3, 10, 13.84242780, 100.14390370, 'เป็นวัดที่มีชื่อเสียงโด่งดังในด้านวัตถุมงคลสายเมตตามหานิยมและโชคลาภอย่างมาก โดยเฉพาะที่เกี่ยวข้องกับ หลวงปู่อั๊บ เขมจาโร และ แม่นางพิมพา', 'เหล้าขาว  ,ชุดไทยโบราณ / เครื่องประทินผิว พานดอกไม้ ธูป เทียน'),
(148, 'วัดสิงห์', 7, 3, 10, 14.04898760, 100.53443990, 'พระมหาธาตุเจดีย์อิศวรนวโกฏิ', 'ดอกไม้ ธูปเทียน แผ่นทอง'),
(149, 'วัดศรีมหาโพธิ์', 7, 3, 10, 13.86918750, 100.16943750, 'หลวงพ่อแดง (หลวงพ่อแดงแสงกายสิทธิ์)', 'เครื่องสักการะทั่วไป พวงมาลัยดอกไม้และการถวายสังฆทานตามประเพณี '),
(150, 'วัดกลางบางแก้ว', 7, 3, 10, 13.79529383, 100.19394654, 'หลวงพ่อโต', 'ไม่มีข้อมูล'),
(151, 'วัดสำโรง', 7, 3, 10, 13.83083230, 100.21796060, 'หลวงปู่นุช และ หลวงพ่อหลิ่ม', 'พวงมาลัย ดอกไม้ ธูปเทียน'),
(152, 'วัดใหม่สุปดิษฐาราม', 7, 3, 10, 13.79401710, 100.19462056, '(หลวงพ่อใจดี/หลวงพ่อเสวยสุข)', 'ของบูชาตามความเชื่อ และแก้บนตามสิ่งที่บนไว้'),
(153, 'วัดตุ๊กตา', 7, 3, 10, 13.79370430, 100.19118190, 'หลวงพ่อเพี้ยน (พระครูวิบูลสิริธรรม)', 'เครื่องสักการะตามความเชื่อส่วนบุคคล ไม่มีของแก้บนที่ตายตัวเหมือนวัดดัง'),
(154, 'วัดไทยาวาส', 7, 3, 10, 13.79105090, 100.22627590, 'หลวงพ่อโตอายุกว่า800ปี,รูปเหมือนหลวงพ่อย้อย , พญานาคคู่ ริมน้ำนครชัยศรี', 'ของทั่วไปตามความเชื่อ'),
(155, 'วัดกลางคูเวียง', 7, 3, 10, 13.81650813, 100.18784282, 'ยาต้มหรือยาหม้อ', 'ไม่มีข้อมูล'),
(156, 'วัดบางพระ', 7, 3, 10, 13.89710520, 100.21241440, 'สรีระสังขารหลวงพ่อเปิ่น ฐิตคุโณ', 'หัวหมู, ผลไม้มงคล: เช่น กล้วยน้ำว้า'),
(157, 'วัดศีรษะทอง', 7, 3, 10, 13.80922370, 100.16066160, 'พระราหู', 'ของดำ 8 อย่าง (หรือ 12 อย่าง) การแก้บนพระราหูที่โดดเด่นที่สุดคือการถวายของสีดำ'),
(158, 'วัดไทร', 7, 3, 10, 13.69067120, 100.45651150, 'รูปปั้นขององค์แม่คุณยาย', 'ขนมปลากิมไข่เต่า'),
(159, 'วัดกกตาล', 7, 3, 10, 13.81925686, 100.19670117, 'หลวงพ่อสนิท นิพภโย', 'พวงมาลัย ดอกไม้ ธูปเทียน และแผ่นทอง'),
(160, 'วัดใหม่สุประดิษฐาราม', 7, 3, 10, 13.79385040, 100.19437380, 'พระสิวลีสูง7เมตร หลวงพ่อสมปรารถนา พระนอน ท้าวเวสสุวรรณ ไอ้ไข่ พระราหู ช้างเอราวัณ เสด็จพ่อ ร.5 ถ้ำพญานาค ', 'ถวายสังฆทาน ทำบุญหีบศพ '),
(161, 'วัดน้อยเจริญสุข', 7, 3, 10, 13.78955270, 100.14598130, 'หลวงปู่พุก  พระพุทธรูปโบราณ เรือแม่ตะเคียน', 'ไม่มีข้อมูล'),
(162, 'วัดบ่อตะกั่วพุทธาราม', 7, 3, 10, 13.77876460, 100.12903270, 'หลวงพ่อโต พระปางป่าเลไลยก์ หลวงพ่อกร', 'ไม่มีข้อมูล'),
(163, 'วัดละมุด', 7, 3, 10, 13.88157580, 100.20254650, 'หลวงพ่อแปดร้อยปี หัวยักษ์โบราณ', 'ธูป เทียน ดอกไม้ และของหอม'),
(164, 'วัดโคกเขมา', 7, 3, 10, 13.86344568, 100.13865013, 'พระปางตะเบ๊ะ หลวงพ่อกำไร', 'ไม่มีข้อมูล'),
(165, 'วัดสว่างอารมณ์', 7, 3, 10, 13.96957480, 100.28439300, 'หลวงพ่อรวย หรือ พระเงินพระทอง', 'ไข่ไก่สด เป็นของแก้บนที่นิยมอย่างมาก มีผู้ศรัทธานำมาถวายเป็นจำนวนมากถึงหลักหมื่นฟองหลังจากสมปรารถนา'),
(166, 'วัดกลางบางพระ', 7, 3, 10, 13.89252661, 100.20058586, 'หลวงพ่อสมหวัง', 'ไข่ไก่ ไข่เป็ด ข้าวสาร และหัวหมู '),
(167, 'วัดทุ่งน้อย', 7, 3, 10, 13.86431390, 100.15288320, 'หลวงพ่อดำ (พระพุทธศิลามนต์)', 'ของศักการะทั่วไปตามความเชื่อ'),
(168, 'วัดพุทธธรรมรังษี', 7, 3, 10, 13.86128780, 100.26579350, 'หลวงพ่อพระพุทธธรรมรังสี', 'ไม่มีข้อมูล'),
(169, 'วัดหลวงประชาบูรณะ', 7, 3, 10, 13.79605977, 100.15398417, 'หลวงพ่อขาว (พระพุทธนิมิตรมงคล)', 'พวงมาลัย ดอกไม้ และธูปเทียน'),
(170, 'วัดบางแก้ว', 7, 3, 10, 13.78574141, 100.16318466, ' หลวงปู่เพิ่ม', 'ไม่มีข้อมูล'),
(171, 'วัดบางวัฒนาสามัคคี', 7, 3, 10, 13.85998120, 100.13050060, 'หลวงพ่อทวด และท้าวเวสสุวรรณ', 'ไม่มีข้อมูล'),
(172, 'วัดแก้วเจริญยศ', 7, 3, 10, 13.75337507, 100.17388385, 'หลวงปู่จำเริญ โรจนธัมโม', 'ไม่มีข้อมูล'),
(173, 'วัดห้วยพลู', 7, 3, 10, 13.86938160, 100.21208870, 'ไม่มีข้อมูล', 'ไม่มีข้อมูล'),
(174, 'วัดลานแหลม', 7, 3, 10, 13.89518750, 100.15868750, 'ไม่มีข้อมูล', 'ไม่มีข้อมูล'),
(175, 'วัดวิมุตตาราม', 7, 3, 10, 13.90432150, 100.20823840, 'ไม่่มีข้อมูล', 'ไม่มีข้อมูล'),
(176, 'วัดเสถียรรัตนาราม', 7, 3, 10, 13.82032400, 100.14322320, 'หลวงพ่อพระประธานในอุโบสถ', 'พวงมาลัย ดอกไม้ และธูปเทียน'),
(177, 'วัดสัมปตาก', 7, 3, 10, 13.81731250, 100.19020310, 'วัดสัมปตาก', 'ไม่มีข้อมูล'),
(178, 'วัดพิศาลโพธิญาณ', 7, 3, 10, 13.89329493, 100.17597475, 'หลวงพ่อวัดปากน้ำ (หลวงปู่สด)', 'ไม่มีข้อมูล'),
(179, 'วัดใหม่สุคนธาราม', 7, 3, 10, 13.87691600, 100.19011150, ' พระพุทธมงคลมุนี    ', 'ไม่มีข้อมูล'),
(180, 'วัดลานตากฟ้า', 7, 3, 10, 13.82770040, 100.22558460, 'พระประธานในอุโบสถ เป็นพระพุทธรูปแกะสลักจากหินทรายแดง\n', 'ไม่มีข้อมูล'),
(181, 'วัดแค', 7, 3, 10, 14.48785450, 100.11786330, 'พระประธานหินทรายแดง', 'ไม่มีข้อมูล'),
(182, 'วัดประชานาถ', 7, 3, 10, 13.78352090, 100.20555910, 'ไม่มีข้อมูล', 'ไม่มีข้อมูล'),
(183, 'วัดศิลามูล', 7, 4, 10, 14.10728400, 100.13187620, 'หลวงปู่ช้าง', 'ไม่มีข้อมูล'),
(184, 'วัดสว่างอารมณ์ (วัดคลองแขก) ', 7, 4, 10, 13.96957480, 100.28439300, 'หลวงพ่อไก่ (พระครูโสภณสาโรภาส)', 'ดอกบัวสีชมพู: 9 ดอก'),
(185, 'วัดรางกำหยาด', 7, 4, 10, 14.01470220, 100.21647940, 'หลวงพ่อบางว้า', 'ดอกไม้และพวงมาลัย การเสี่ยงเซียมซี'),
(186, 'วัดไผ่สามตำลึง', 7, 4, 10, 14.07893210, 100.20793690, 'หลวงพ่อสุโขทัยธรรมราชา\nพระอาจารย์เล็ก', 'ไม่มีข้อมูล'),
(187, 'วัดบางเลน', 7, 4, 10, 14.02467640, 100.17920050, 'แม่ย่าตะเคียน อายุพันปี', 'ชุดไทย, เครื่องสำอาง, น้ำหอม, ผ้าสามสี และ น้ำแดง'),
(188, 'วัดบัวปากท่า', 7, 4, 10, 14.11345400, 100.20106010, 'หลวงพ่อชื่น (พระครูโฆสิตธรรมสาร)', 'พวงมาลัยดอกมะลิ, แผ่นทองคำเปลว, หมากพลู / ยาเส้น'),
(189, 'วัดบางไผ่นารถ', 7, 4, 10, 14.05318170, 100.17686560, 'หลวงพ่อรวยแสนล้าน', 'ของทั่วไปตามความเชื่อ'),
(190, 'วัดนิลเพชร', 7, 4, 10, 14.13918750, 100.25368750, 'ไม่มีข้อมูล', 'ไม่มีข้อมูล'),
(191, 'วัดบัวหวั่น', 7, 4, 10, 14.17800840, 100.21122270, 'พระพุทธศรีศากยมงคลมุนี พระประธานอุโบสถ', 'ไม่มีข้อมูล'),
(192, 'วัดไผ่หูช้าง', 7, 4, 10, 14.04428620, 100.07319630, 'หลวงพ่อเงิน องค์ใหญ่ที่สุดในโลก, พระราหู, แม่ตะเคียนทอง', 'ดอกบัวสีชมพู/ขาว , ของดำ 8 อย่าง'),
(193, 'วัดโพธิ์ราษฎร์ศรัทธาทำ', 7, 4, 10, 14.09802600, 100.17224400, 'รูปปั้นไก่จำนวนมาก', 'ไม่มีข้อมูล'),
(194, 'วัดไผ่จรเข้', 7, 4, 10, 14.08938710, 100.20114530, 'หลวงพ่อกำไรมหาจักรพรรดิ ท้าวเวสสุวรรณโณ', 'ดอกกุหลาบ น้ำแดง น้ำมันตะเกียง'),
(195, 'วัดนราภิรมย์', 7, 4, 10, 13.92439800, 100.25563570, 'พระพุทธรูปในอุโบสถ', 'ไม่มีข้อมูล'),
(196, 'วัดบางภาษี', 7, 4, 10, 13.97712220, 100.19969280, 'หลวงพ่อสังวาลย์ (พระพุทธรูปปางมารวิชัย พระประธานในอุโบสถเก่าแก่), รูปหล่อหลวงปู่บุญเรือน คสุวณฺโณ (อดีตเจ้าอาวาส) และ หลวงพ่ออุดมมหามงคล', NULL),
(197, 'วัดพระอมรพิสัย', 7, 4, 10, 13.96849300, 100.26030540, 'หลวงพ่อเมตตามหาลาภประชาบูชิต', 'ไม่มีข้อมูล'),
(198, 'วัดรางกระทุ่ม', 7, 4, 10, 14.02728150, 100.25969020, 'หลวงพ่อพระประธานในอุโบสถ หลวงพ่อวัดรางกระทุ่ม', 'ไม่มีข้อมูล'),
(199, 'วัดลาดสะแก', 7, 4, 10, 13.98664710, 100.13211820, 'หลวงพ่อศิริชัยมงคล', 'ไม่มีข้อมูล'),
(200, 'วัดศรีประชาวัฒนาราม', 7, 4, 10, 13.96206250, 100.12831250, 'พระอาจารย์ลับ', 'การถวายสังฆทานและบริจาคทั่วไป'),
(201, 'วัดสุขวัฒนาราม', 7, 4, 10, 13.92899360, 100.20059730, 'พระอุโบสถทรงไทย', 'ของทำบุญตามความเชื่อ'),
(202, 'วัดเกาะแรต', 7, 4, 10, 13.96894329, 100.15613184, 'เหรียญหลวงพ่อตุ้ม', 'ไม่มีข้อมูล'),
(203, 'วัดเวฬุวนาราม', 7, 4, 10, 13.79703947, 100.01186772, 'หลวงพ่อสำเนียง อยู่สถาพร ', 'ไม่มีของแก้บนที่เฉพาะเจาะจง'),
(204, 'วัดผาสุการาม', 7, 4, 10, 15.18932800, 104.86459480, 'ไม่มีข้อมูล', 'ไม่มีข้อมูล'),
(205, 'วัดดอนสามสิบ', 7, 4, 10, 14.06310560, 100.13923000, 'เป็นวัดราษฎร์ที่เน้นกิจกรรมทางพระพุทธศาสนาและการเป็นศูนย์กลางของชุมชน ', NULL),
(206, 'วัดบึงลาดสวาย', 7, 4, 10, 14.05311180, 100.25648400, 'หลวงพ่อมงคลนิมิต', 'ไม่มีข้อมูล'),
(207, 'วัดพุทธาราม', 7, 4, 10, 13.95068990, 100.17368130, 'หลวงพ่อสังวาลย์, พระประจำวัน', 'ไม่มีข้อมูล'),
(208, 'วัดเกษมสุริยัมนาจ', 7, 4, 10, 13.99873155, 100.18268937, 'พระพุทธรูปปางสมาธิเพชร', 'ไม่มีข้อมูล'),
(209, 'วัดบางหลวง', 7, 4, 10, 13.99290420, 100.52606270, 'ไม่มีข้อมูล', 'ไม่มีข้อมูล'),
(210, 'วัดคลองเสมียนตรา', 7, 4, 10, 14.03047312, 100.27079899, 'พระประธานในอุโบสถ', 'ไม่มีข้อมูล'),
(211, 'วัดคลองคูเมือง', 7, 4, 10, 14.08838820, 100.12744640, 'หลวงพ่อพุทธรัตนปฏิมา ปางพระพุทธชินราช', 'ไม่มีข้อมูล'),
(212, 'วัดรางไทร', 7, 4, 10, 14.05891560, 100.23789210, 'ไม่มีข้อมูล', 'ไม่มีข้อมูล'),
(213, 'วัดราษฎร์สามัคคี', 7, 4, 10, 14.83043900, 100.93006000, 'หลวงพ่อสุโขทัยธรรมราชา ', 'ไม่มีข้อมูล'),
(214, 'วัดลานคา', 7, 4, 10, 14.40637970, 100.13549770, 'ไม่มีข้อมูล', 'ไม่มีข้อมูล'),
(215, 'วัดดอนยอ', 7, 4, 10, 13.97901650, 100.11232570, 'เป็นวัดราษฎร์ที่เน้นกิจกรรมทางพระพุทธศาสนาและการเป็นศูนย์กลางของชุมชน ', NULL),
(216, 'วัดลัฏฐิวนาราม', 7, 4, 10, 14.12183510, 100.08515110, 'ไม่มีข้อมูล', 'ไม่มีข้อมูล'),
(217, 'วัดลำพญา', 7, 4, 10, 13.95909970, 100.20399870, 'หลวงพ่อมงคลมาลานิมิต', 'ไม่มีข้อมูล'),
(218, 'วัดเกษตราราม', 7, 4, 10, 14.09997442, 100.25516536, 'ไม่มีข้อมูล', 'ไม่มีข้อมูล'),
(219, 'วัดโฆสิตาราม', 7, 4, 10, 14.96179503, 100.20646493, 'ไม่มีข้อมูล', 'ไม่มีข้อมูล'),
(220, 'วัดบางน้อยใน', 7, 4, 10, 14.14101480, 100.11495250, 'สมเด็จพระพุทธรัตนบดี', 'ไม่มีข้อมูล'),
(221, 'วัดบางปลา', 7, 4, 10, 13.58454340, 100.23132550, 'หลวงพ่อทั้ง 7 (รูปหล่ออดีตเจ้าอาวาส 7 องค์)', 'ไม่มีข้อมูล'),
(222, 'วัดหทัยนเรศวร์', 7, 5, 10, 13.78808780, 100.31393560, 'พระพุทธหทัยนเรศวร์ (พระประธาน)', 'ไม่มีของแก้บนหรือเครื่องสักการะที่เฉพาะเจาะจง'),
(223, 'วัดเทพนิมิต', 7, 5, 10, 13.83292460, 100.31278420, 'ความศักดิ์สิทธิ์ของศาลเทพยุดาที่อยู่หน้าวัด', 'ดอกไม้ ธูป เทียน , อาหารปลา , การทำบุญ'),
(224, 'วัดสุวรรณาราม', 7, 5, 10, 13.76330170, 100.47682540, 'หลวงพ่อดี สุวัณโณ', 'ประทัด มีผู้คนนิยมมาบนบานศาลกล่าวและแก้บนด้วยประทัดเมื่อประสบความสำเร็ จตามที่ขอ การถวายสังฆทาน วิธีการทำบุญและแก้บนทั่วไปตามหลักพุทธศาสนา '),
(225, 'วัดมงคลประชาราม', 7, 5, 10, 13.84308600, 100.30802990, 'หลวงพ่อดำ', 'เซียมซี: ผู้มาเยือนนิยม \"เสี่ยงเซียมซี\" เพื่อขอเลขนำโชคหรือคำทำนายดวงชะตาหลังจากกราบขอพร การกราบไหว้ขอพร: ใช้เครื่องสักการะมาตรฐาน (ดอกไม้ ธูป เทียน) ในการบูชาสิ่งศักดิ์สิทธิ์ภายในวิหาร'),
(226, 'วัดสาลวัน', 7, 5, 10, 13.80501890, 100.32448700, 'เป็นวัดราษฎร์เก่าแก่ที่เน้นกิจกรรมทางพระพุทธศาสนาและเป็นศูนย์กลางของชุมชน', 'ไม่มีข้อมูล'),
(227, 'วัดมะเกลือ', 7, 5, 10, 13.88326480, 100.28966890, 'พระพุทธรูปปางบำเพ็ญทุกรกิริยา', 'ไม่มีข้อมูล'),
(228, 'วัดพระปฐมเจดีย์', 4, 6, 10, 13.81972780, 100.06005700, 'องค์พระปฐมเจดีย์ พระร่วงโรจนฤทธิ์ ศรีอินทราทิตย์ธรรโมภาส มหาวชิราวุธราชบูชนิยบพิตร์', 'ดอกไม้ ธูป เทียน และพวงมาลัยตามประเพณีทั่วไป ไข่ต้มย้อมสีแดง'),
(229, 'วัดพระงาม', 4, 6, 10, 14.35776850, 100.52820530, 'หลวงพ่อพระงาม(หลวงพ่อประทานพร)', 'ดอกบัวสีชมพู 9 ดอก'),
(230, 'วัดพระประโทณเจดีย์', 4, 6, 10, 13.81497110, 100.09696060, 'องค์พระประโทณเจดีย์', 'พวงมาลัย/ดอกไม้ธูปเทียน'),
(231, 'วัดใหม่ห้วยลึก', 7, 6, 10, 13.76081276, 99.95886555, 'หลวงปู่นาค', 'ไข่ไก่, พวงมาลัยดอกไม้สด'),
(232, 'วัดบ้านยาง', 7, 6, 10, 13.84568750, 99.92281250, 'หลวงปู่จันทร์ (พระครูธรรมสุนทร), หลวงปู่ดี, มณฑปบูรพาจารย์', 'พวงมาลัยดอกมะลิ, แผ่นทองคำเปลว'),
(233, 'วัดม่วงตารส', 7, 6, 10, 13.89004950, 100.03316920, 'พระพุทธนีลศิลารตโนภาส, พระพุทธรูปปางมารสะดุ้ง, พระเจ้าทันใจ, หลวงปู่นิ่ม ', NULL),
(234, 'วัดไผ่ล้อม', 7, 6, 10, 13.81878210, 100.06804790, 'สรีระสังขารหลวงพ่อพูล อตฺตรกฺโข พระพุทธศิวากร มุนินทรปฏิมากร กุมารทองสมบัติ พระพิฆเณศวร พระโพธิสัตว์กวนอิมพันมือ ท้าวเวสสุวรรณ และ ท้าวกุเวรมหาราช', 'กุมารทองสมบัติ: น้ำแดง, ขนมหวาน, ของเล่นเด็ก และผ้าสามสี เครื่องสักการะทั่วไปคือดอกไม้ ธูป เทียน พวงมาลัย'),
(235, 'วัดหนองดินแดง', 7, 6, 10, 13.79705440, 99.99099170, 'หลวงพ่อแดง (พระพุทธศิลามณี)', 'พวงมาลัย ดอกไม้แดง  การทำบุญค่าน้ำ-ค่าไฟ หรือบูรณะวัด'),
(236, 'วัดบางแขม', 7, 6, 10, 13.77523440, 100.03071960, 'หลวงพ่อใหญ่', 'ของทั่วไปตามความเชื่อ'),
(237, 'วัดโพรงมะเดื่อ', 7, 6, 10, 13.82176310, 99.99119600, 'หลวงพ่อพระพุทธชินวรณ์', 'ไม่มีข้อมูล'),
(238, 'วัดลาดหญ้าแพรก', 7, 6, 10, 13.78840660, 99.96584550, 'หลวงพ่อโตศักดิ์สิทธิ์', 'ดอกไม้ พวงมาลัย และน้ำดื่ม'),
(239, 'วัดพะเนียงแตก', 7, 6, 10, 13.86589850, 100.07743460, 'หลวงพ่อทา โสณุตฺตโร', 'ดอกไม้ ธูป เทียน น้ำดื่ม ตามประเพณีทั่วไป'),
(240, 'วัดโพธิ์เศรษฐีวนาราม', 7, 6, 10, 13.84294390, 100.07754740, 'สรีระสังขารหลวงพ่อจืด นิมฺมโล พญาต่อเงินต่อทอง ท้าวเวสสุวรรณโณ พระราหู กุมารเพชรน้อย สามตานารายณ์ทอง', 'วัตถุมงคลพญาต่อเงินต่อทอง: นิยมเช่าบูชาเพื่อไปพกพาหรือตั้งโต๊ะทำงานเพื่อเสริมดวงการค้า ดอกกุหลาบสีแดงและธูปสีแดง: สำหรับการสักการะท้าวเวสสุวรรณ'),
(241, 'วัดสามกระบือเผือก', 7, 6, 10, 13.82921520, 100.10607370, 'หลวงปู่ชา (พระอธิการชา)', 'ไม่มีข้อมูล'),
(242, 'วัดใหม่ปิ่นเกลียว', 7, 6, 10, 13.83798220, 100.03141150, 'หลวงพ่อสมพงษ์ ธีรธัมโม', 'ไม่มีข้อมูล'),
(243, 'วัดดอนเสาเกียดมิลินทบุณยาราม', 7, 6, 10, 13.73127670, 100.03339860, 'จุดที่น่าสนใจคือ \"พญานาคราช 9 ตระกูล\" มีผู้ที่นับถือ มากราบไหว้กันเป็นจำนวนมาก โดยส่วนใหญ่ก็จะขอเรื่องโชคลาภ เงินทอง', 'พานดอกไม้ ธูป เทียน'),
(244, 'วัดเกาะวังไทร', 7, 6, 10, 13.79898687, 100.08012001, ' หลวงพ่อแดง', 'ของศักสิทธิ์ตามที่บนบาน'),
(245, 'วัดห้วยจระเข้', 7, 6, 10, 13.82210240, 100.07325400, 'พระปิดตาเนื้อเมฆพัด หลวงปู่นาค', 'การถวายน้ำอบดอกไม้ การร่วมบริจาคบูชาวัตถุมงคล'),
(246, 'วัดดอนยายหอม', 7, 6, 10, 13.73654110, 100.08098370, 'เป็นวัดที่มีชื่อเสียงและมีความสำคัญมากแห่งหนึ่งในจังหวัดนครปฐม โดยเป็นที่รู้จักอย่างกว้างขวางในฐานะศูนย์รวมความศรัทธาต่อพระเกจิอาจารย์ชื่อดัง', 'ของแก้บนตามความเชื่อ: สำหรับผู้ที่มาขอพรด้านโชคลาภจากคุณยายหอม อาจมีการนำสิ่งของมาถวายตามที่ได้บนบานไว้'),
(247, 'วัดตาก้อง', 7, 6, 10, 13.88446710, 100.05524390, 'เป็นวัดเก่าแก่ที่มีชื่อเสียงมาก โดยเป็นที่รู้จักกันในฐานะวัดของ หลวงพ่อแช่ม อินฺทโชโต พระเกจิอาจารย์ชื่อดังแห่งลุ่มน้ำนครชัยศรี', NULL),
(248, 'วัดทัพยายท้าว', 7, 6, 10, 13.86691620, 99.98506660, 'มีสิ่งศักดิ์ภายในวัดได้แก่รูปปั้นยายท้าว (ชาวบ้านเรียกว่ารูปปั้นยาย)', 'ของมาแก้บนเป็นแว่นตา มีดดาบ หมากพลูบ้าง มาถวายยาย'),
(249, 'วัดดอนขนาก', 7, 6, 10, 13.70741330, 100.05934030, 'กลุ่มสายมูเตลูและผู้ที่ศรัทธาเรื่องพญานาค สิ่งศักดิ์สิทธิ์ที่นี่มีเอกลักษณ์เฉพาะตัวและมีความเชื่อเกี่ยวกับการขอพรด้านโชคลาภ การเงิน และการงานเป็นหลัก', 'พานดอกไม้ ธูป เทียน เครื่องสักการะพื้นฐานที่ใช้กราบไหว้ขอพร'),
(250, 'วัดวังตะกู', 7, 6, 10, 13.84406470, 100.02954310, ' ท้าวเวสสุวรรณ เมืองนครปฐม สรีระสังขารหลวงพ่อชุ้น', 'พวงมาลัยดอกไม้สด และเครื่องสักการะทั่วไป การปั้นป้ายมงคลสลักชื่อ: เพื่อฝากดวงชะตาไว้กับบารมีครูบาอาจารย์'),
(251, 'วัดทัพหลวง', 7, 6, 10, 13.89022840, 99.98234270, 'พระวิหารการโกวิท (เกิด จนฺทสโร) หลวงพ่อเกิด ', 'ไม่มีข้อมูล'),
(252, 'วัดรัตนรังสี', 7, 6, 10, 13.88718750, 99.95843750, 'ไม่มีข้อมูล', 'ไม่มีข้อมูล'),
(253, 'วัดรางปลาหมอ', 7, 6, 10, 13.75903460, 99.94858680, 'ไม่มีข้อมูล', 'ไม่มีข้อมูล'),
(254, 'วัดศรีวิสารวาจา', 7, 6, 10, 13.84637930, 99.97938740, 'พระครูใบฎีกาชัยวัฒน์ (พระอาจารย์กริ่ง) ', 'พวงมาลัย ดอกไม้สด และธูปเทียน'),
(255, 'วัดหนองกระโดน', 7, 6, 10, 13.88249710, 99.92994930, 'หลวงปู่แสงทอง', 'การถวายภัตตาหารเพลและทำบุญทั่วไป'),
(256, 'วัดหนองงูเหลือม', 7, 6, 10, 13.35430540, 101.26885600, 'หลวงพ่อใหญ่', 'ไม่มีของแก้บนหรือเครื่องสักการะที่เฉพาะเจาะจง'),
(257, 'วัดหนองเสือ', 7, 6, 10, 13.69469460, 101.38689550, 'ไม่มีข้อมูล', 'ดอกไม้ ธูปเทียน ขนมหวาน ผลไม้ ปัจจัยถวายวัด'),
(258, 'วัดใหม่ดอนทราย', 7, 6, 10, 13.81972220, 99.96180400, 'ไม่มีข้อมูล', 'ไม่มีข้อมูล'),
(259, 'วัดธรรมศาลา', 7, 6, 10, 13.81171250, 100.11473440, 'หลวงพ่อน้อย อินทสาโร', 'ของทั่วไปตามความเชื่อ'),
(260, 'วัดทุ่งรี', 7, 6, 10, 13.89189350, 100.00210660, 'เด่นเรื่องความสวยงามของประติมากรรมพญานาคและอุโมงค์พระราหูที่เน้นความเชื่อเรื่องโชคลาภ', 'ไม่มีข้อมูล'),
(261, 'วัดวังเย็น', 7, 6, 10, 13.77774740, 100.01127400, 'พระครูสุจิตตานันท์ (เจ้าอาวาส)', 'ไม่มีของแก้บนที่เฉพาะเจาะจง'),
(262, 'วัดลำพยาสุทธาราม', 7, 6, 10, 13.80131380, 100.01078510, 'ไม่มีข้อมูล', 'ไม่มีข้อมูล'),
(263, 'วัดไร่เกาะต้นสำโรง', 7, 6, 10, 13.82532140, 100.09296420, 'ไม่มีข้อมูล', 'ไม่มีข้อมูล'),
(264, 'วัดลาดปลาเค้า', 7, 6, 10, 13.85020740, 100.60314210, 'รูปปั้นหลวงพ่อน้อย', 'ไม่มีข้อมูล'),
(265, 'วัดใหม่สันติสุข', 7, 6, 10, 13.88769030, 99.95413230, 'ไม่มีข้อมูล', 'ไม่มีข้อมูล'),
(266, 'วัดอินทราราม(หุบรัก)', 7, 6, 10, 13.86093750, 99.95931250, 'หลวงพ่อศรีไพร', 'ไม่มีข้อมูล'),
(267, 'วัดหว้าเอน', 7, 6, 10, 13.77754420, 101.61874640, 'หลวงพ่อบุญช่วย โสภิโต', 'ไม่มีข้อมูล'),
(268, 'วัดสะแกราย', 7, 6, 10, 13.68651340, 100.06537320, 'หลวงพ่อสองพี่น้อง', 'ไม่มีข้อมูล'),
(269, 'วัดไร่ขิง', 4, 7, 10, 13.74257800, 100.25988110, 'หลวงพ่อวัดไร่ขิง', 'ไข่ต้ม'),
(270, 'วัดหอมเกร็ด', 7, 7, 10, 13.77018790, 100.23839790, 'หลวงพ่อโต', 'ดอกไม้ ธูป เทียน ตามธรรมเนียมไหว้พระในวัดไทยทั่วไป'),
(271, 'วัดจินดาราม', 7, 7, 10, 13.68336050, 100.09079770, 'หลวงพ่อสัมฤทธิ์', 'การจุดประทัด และถวายผลไม้'),
(272, 'วัดราษฎร์ศรัทธาราม', 7, 7, 10, 13.65448330, 100.09383570, 'หลวงพ่อเพชรศรีวิชัย', 'ประทัด,ไข่ต้ม'),
(273, 'วัดดงเกตุ', 7, 7, 10, 13.71481360, 100.22135730, 'เป็นสิ่งศักดิ์สิทธิ์หลักที่ผู้คนนิยมมาขอพรเรื่องโชคลาภ โดยเชื่อว่าเป็น \"เทพเจ้าแห่งโชคลาภ\"', 'เป็นของแก้บนที่พบบ่อยและมีจำนวนมากถึงหลักพันฟองในแต่ละครั้งที่มีผู้ถูกรางวัล'),
(274, 'วัดอ้อมใหญ่', 7, 7, 10, 13.70007310, 100.26508660, 'ท้าวเวสสุวรรณ', 'ดอกกุหลาบสีแดง'),
(275, 'วัดสรรเพชญ', 7, 7, 10, 13.74154740, 100.22971360, 'หลวงพ่อพุทธสรรเพชญ  พระพุทธศิลานาคปรก', 'การปิดทององค์พระประธานและครูบาอาจารย์'),
(276, 'วัดเทียนดัด', 7, 7, 10, 13.70008810, 100.24208100, 'พระประธานในโบสถ์ ', 'ผลไม้มงคล 5 อย่าง เช่น กล้วย, มะพร้าว, สับปะรด, แก้วมังกร, ส้ม'),
(277, 'วัดคลองอ้อมใหญ่', 7, 7, 10, 13.70283747, 100.25693015, 'หลวงพ่อโต', 'ไข่ต้ม ตามบนบาน'),
(278, 'วัดท่าข้าม', 7, 7, 10, 13.65300950, 100.44741950, 'หลวงพ่อยะ', 'ดอกไม้สีแดง/ชมพู'),
(279, 'วัดปรีดาราม', 7, 7, 10, 13.69173750, 100.14132810, 'หลวงพ่อเกิดลาภ', 'ไข่ต้ม'),
(280, 'วัดท่าพูด', 7, 7, 10, 13.74741380, 100.27567370, 'เป็นวัดเก่าแก่สมัยอยุธยาตอนต้นที่มีความสำคัญทางประวัติศาสตร์และวัฒนธรรม ', 'ไม่มีข้อมูล'),
(281, 'วัดมหาสวัสดิ์นาคพุฒาราม', 7, 7, 10, 13.80467370, 100.24841620, 'การส่งเสริมการศึกษาพระปริยัติธรรม', 'ไม่มีข้อมูล'),
(282, 'วัดทรงคนอง', 7, 7, 10, 13.76747160, 100.25871790, ' เป็นวัดราษฎร์เก่าแก่ที่มีกิจกรรมทางพระพุทธศาสนามากมายและเน้นการปฏิบัติธรรม', 'ของทั่วไปตามความเชื่อ'),
(283, 'วัดเชิงเลน', 7, 7, 10, 13.70618660, 100.22990770, 'หลวงพ่อวัดเชิงเลน เพ็ง', 'ยังไม่พบข้อมูลชัดเจน เกี่ยวกับการมีธรรมเนียม \"แก้บน\" ด้วยของชนิดใดของวัดนี้'),
(284, 'วัดกัลยาณีทรงธรรม', 7, 7, 10, 13.68330538, 100.24469608, 'ไม่มีข้อมูล', 'ไม่มีข้อมูล'),
(285, 'วัดเพลินเพชร', 7, 7, 10, 13.72871250, 100.30986530, 'ไม่มีข้อมูล', 'ไม่มีข้อมูล'),
(286, 'วัดบางช้างใต้', 7, 7, 10, 13.71383080, 100.20675970, 'หลวงพ่อเพชร', 'ไม่มีข้อมูล'),
(287, 'วัดวังน้ำขาว', 7, 7, 10, 13.71322150, 100.16274880, 'ไม่มีข้อมูล', 'ไม่มีข้อมูล'),
(288, 'วัดบางช้างเหนือ', 7, 7, 10, 13.72247570, 100.20598000, 'หลวงปู่จ้อย', 'ไม่มีข้อมูล'),
(289, 'วัดสามพราน', 7, 7, 10, 13.73582720, 100.21534410, 'เป็นวัดที่มีชื่อเสียงระดับโลกจากสถาปัตยกรรมอันเป็นเอกลักษณ์ คือ ตึกพญามังกร หรือ \"กุฏิพญามังกรตะกายฟ้า\" ซึ่งมีมังกรขนาดใหญ่เลื้อยพันรอบอาคารสูง 17 ชั้น', 'ของทำบุญตามความเชื่อ'),
(290, 'วัดญาณเวศกวัน', 7, 7, 10, 13.77012950, 100.30874610, 'เป็นวัดที่เน้น พุทธธรรมบริสุทธิ์และการศึกษาธรรมะ อย่างลึกซึ้ง โดยไม่อิงกับความเชื่อเรื่องวัตถุมงคลเพื่อโชคลาภหรือการบนบานศาลกล่าวในทางโลก', NULL),
(291, 'วัดนครชื่นชุ่ม', 7, 7, 10, 13.74503941, 100.32355400, 'พระพุทธรูปในอุโบสถ รูปปั้นสมเด็จพระพุฒาจารย์ (โต พฺรหฺมรํสี)', 'ไม่มีข้อมูล'),
(292, 'วัดดอนหวาย', 7, 7, 10, 13.77178770, 100.28397610, 'วัดนี้เป็นที่รู้จักกันดีในหมู่นักท่องเที่ยวและสายบุญ เนื่องจากเป็นที่ตั้งของตลาดน้ำดอนหวายที่มีชื่อเสียง แต่ในส่วนของวัดเองก็มีสิ่งศักดิ์สิทธิ์ที่น่าสนใจ', 'เครื่องสักการะพื้นฐานทั่วไปสำหรับการกราบไหว้พระประธานและหลวงพ่อวิสาหาร'),
(293, 'วัดเดชานุสรณ์', 7, 7, 10, 13.73408160, 100.23566090, 'สร้างขึ้นในสมัยรัชกาลที่ 1 เป็นวัดเก่าแก่ที่มีความสำคัญทางประวัติศาสตร์และเป็นศูนย์รวมจิตใจของชาวบ้านในพื้นที่ ', 'ของทั่วไปตามความเชื่อ'),
(294, 'วัดธรรมปัญญารามบางม่วง', 7, 7, 11, 13.69449080, 100.21286200, 'พระยูไลไภษัชยคุรุพุทธเจ้า, พระแม่กวนอิมปางเสวยสุข, เทพเจ้าโชคลาภ (ไฉ่ซิงเอี๊ย) และเทพเจ้า 12 นักษัตร', 'ดอกบัว หรือ ของทั่วไปตามความเชื่อ'),
(298, 'test', 8, 5, 2, 99.99999999, 999.99999999, 'sadasd', 'asdasd'),
(299, 'Golden Temple', 1, 1, 1, 18.78830000, 98.98530000, 'Buddha Statue', 'Incense, Flowers'),
(300, 'Old City Wall', 2, 1, NULL, 18.77500000, 98.98500000, 'Historical Monument', 'None'),
(301, 'Sacred Mountain', 3, 2, 2, 19.25000000, 99.10000000, 'Mountain Peak', 'Candles'),
(302, 'River Temple', 1, 3, 1, 18.90000000, 99.05000000, 'Water Shrine', 'Rice, Fruits'),
(303, 'Ancient Ruins', 2, 2, NULL, 19.15000000, 98.95000000, 'Archaeological Site', 'None'),
(304, 'Golden Temple', 1, 1, 1, 18.78830000, 98.98530000, 'Buddha Statue', 'Incense, Flowers'),
(305, 'Old City Wall', 2, 1, NULL, 18.77500000, 98.98500000, 'Historical Monument', 'None'),
(306, 'Sacred Mountain', 3, 2, 2, 19.25000000, 99.10000000, 'Mountain Peak', 'Candles'),
(307, 'River Temple', 1, 3, 1, 18.90000000, 99.05000000, 'Water Shrine', 'Rice, Fruits'),
(308, 'Ancient Ruins', 2, 2, NULL, 19.15000000, 98.95000000, 'Archaeological Site', 'None'),
(309, 'Golden Temple', 1, 1, 1, 18.78830000, 98.98530000, 'Buddha Statue', 'Incense, Flowers'),
(310, 'Old City Wall', 2, 1, NULL, 18.77500000, 98.98500000, 'Historical Monument', 'None'),
(311, 'Sacred Mountain', 3, 2, 2, 19.25000000, 99.10000000, 'Mountain Peak', 'Candles'),
(312, 'River Temple', 1, 3, 1, 18.90000000, 99.05000000, 'Water Shrine', 'Rice, Fruits'),
(313, 'Ancient Ruins', 2, 2, NULL, 19.15000000, 98.95000000, 'Archaeological Site', 'None'),
(314, 'Golden Temple', 1, 1, 1, 18.78830000, 98.98530000, 'Buddha Statue', 'Incense, Flowers'),
(315, 'Old City Wall', 2, 1, NULL, 18.77500000, 98.98500000, 'Historical Monument', 'None'),
(316, 'Sacred Mountain', 3, 2, 2, 19.25000000, 99.10000000, 'Mountain Peak', 'Candles'),
(317, 'River Temple', 1, 3, 1, 18.90000000, 99.05000000, 'Water Shrine', 'Rice, Fruits'),
(318, 'Ancient Ruins', 2, 2, NULL, 19.15000000, 98.95000000, 'Archaeological Site', 'None');

-- --------------------------------------------------------

--
-- Table structure for table `attraction_category`
--

CREATE TABLE `attraction_category` (
  `attraction_category_id` int(11) NOT NULL,
  `attraction_id` int(11) DEFAULT NULL,
  `category_id` int(11) DEFAULT NULL
) ENGINE=InnoDB DEFAULT CHARSET=utf8mb4 COLLATE=utf8mb4_general_ci;

--
-- Dumping data for table `attraction_category`
--

INSERT INTO `attraction_category` (`attraction_category_id`, `attraction_id`, `category_id`) VALUES
(1, 1, 3),
(2, 2, 1),
(3, 3, 2),
(4, 4, 1),
(5, 5, 2),
(6, 6, 2),
(7, 7, 1),
(8, 7, 2),
(9, 8, 2),
(10, 9, 1),
(11, 10, 2),
(12, 11, 1),
(13, 12, 3),
(14, 13, 1),
(15, 14, 1),
(16, 15, 1),
(17, 16, 1),
(18, 16, 3),
(19, 17, 3),
(20, 18, 1),
(21, 18, 3),
(22, 19, 3),
(23, 20, 3),
(24, 21, 1),
(25, 22, 1),
(26, 22, 2),
(27, 23, 3),
(28, 24, 2),
(29, 25, 2),
(30, 26, 1),
(31, 27, 3),
(32, 28, 1),
(33, 29, 3),
(34, 30, 3),
(35, 31, 3),
(36, 32, 1),
(37, 32, 3),
(38, 33, 1),
(39, 33, 3),
(40, 34, 1),
(41, 34, 3),
(42, 35, 2),
(43, 36, 1),
(44, 37, 1),
(45, 37, 3),
(46, 38, 3),
(47, 39, 3),
(48, 40, 3),
(49, 41, 3),
(50, 42, 1),
(51, 43, 1),
(52, 44, 3),
(53, 45, 3),
(54, 46, 1),
(55, 46, 3),
(56, 47, 1),
(57, 47, 3),
(58, 48, 3),
(59, 55, 3),
(60, 56, 3),
(61, 59, 3),
(62, 65, 1),
(63, 72, 1),
(64, 73, 1),
(65, 74, 1),
(66, 75, 1),
(67, 76, 1),
(68, 77, 1),
(69, 78, 1),
(70, 79, 1),
(71, 80, 1),
(72, 81, 1),
(73, 82, 1),
(74, 83, 1),
(75, 84, 1),
(76, 85, 2),
(77, 85, 3),
(78, 86, 1),
(79, 87, 1),
(80, 87, 3),
(81, 88, 1),
(82, 88, 3),
(83, 89, 1),
(84, 89, 2),
(85, 89, 3),
(86, 90, 3),
(87, 91, 3),
(88, 92, 3),
(89, 93, 3),
(90, 94, 3),
(91, 95, 3),
(92, 96, 3),
(93, 97, 3),
(94, 98, 3),
(95, 99, 1),
(96, 99, 3),
(97, 100, 1),
(98, 100, 3),
(99, 125, 3),
(100, 126, 3),
(101, 127, 3),
(102, 128, 3),
(103, 143, 1),
(104, 143, 3),
(105, 144, 1),
(106, 144, 3),
(107, 145, 1),
(108, 145, 2),
(109, 145, 3),
(110, 146, 1),
(111, 146, 2),
(112, 147, 3),
(113, 148, 3),
(114, 149, 3),
(115, 150, 3),
(116, 151, 3),
(117, 152, 3),
(118, 153, 3),
(119, 154, 3),
(120, 155, 3),
(121, 156, 3),
(122, 157, 3),
(123, 158, 3),
(124, 159, 3),
(125, 160, 3),
(126, 161, 3),
(127, 162, 3),
(128, 163, 3),
(129, 164, 1),
(130, 164, 3),
(131, 165, 1),
(132, 165, 3),
(133, 166, 2),
(134, 166, 3),
(135, 183, 1),
(136, 184, 1),
(137, 185, 1),
(138, 185, 3),
(139, 186, 1),
(140, 186, 3),
(141, 187, 3),
(142, 188, 3),
(143, 189, 3),
(144, 190, 3),
(145, 191, 3),
(146, 192, 3),
(147, 193, 1),
(148, 193, 3),
(149, 194, 1),
(150, 194, 3),
(151, 222, 1),
(152, 222, 3),
(153, 223, 3),
(154, 224, 3),
(155, 225, 3),
(156, 228, 1),
(157, 228, 3),
(158, 229, 2),
(159, 231, 1),
(160, 232, 1),
(161, 233, 1),
(162, 234, 1),
(163, 234, 2),
(164, 234, 3),
(165, 235, 1),
(166, 235, 3),
(167, 236, 1),
(168, 236, 3),
(169, 237, 1),
(170, 237, 3),
(171, 238, 1),
(172, 238, 3),
(173, 239, 1),
(174, 239, 3),
(175, 240, 1),
(176, 240, 3),
(177, 241, 3),
(178, 242, 3),
(179, 243, 3),
(180, 244, 3),
(181, 245, 3),
(182, 246, 3),
(183, 247, 3),
(184, 248, 3),
(185, 249, 1),
(186, 249, 3),
(187, 250, 1),
(188, 250, 3),
(189, 270, 1),
(190, 271, 1),
(191, 271, 3),
(192, 272, 1),
(193, 272, 3),
(194, 273, 3),
(195, 274, 3),
(196, 275, 3),
(197, 276, 3),
(198, 277, 3),
(199, 278, 3),
(200, 279, 3),
(201, 294, 1),
(202, 294, 3),
(206, NULL, 1),
(207, NULL, 2),
(208, NULL, 1),
(209, NULL, 2),
(210, NULL, 2),
(211, NULL, 3),
(214, NULL, 1),
(215, NULL, 2),
(216, NULL, 3),
(217, NULL, 2),
(229, 298, 2),
(230, 298, 1),
(231, 298, 3);

-- --------------------------------------------------------

--
-- Table structure for table `attraction_image`
--

CREATE TABLE `attraction_image` (
  `image_id` int(11) NOT NULL,
  `Image_name` varchar(255) DEFAULT NULL,
  `attraction_id` int(11) DEFAULT NULL
) ENGINE=InnoDB DEFAULT CHARSET=utf8mb4 COLLATE=utf8mb4_general_ci;

-- --------------------------------------------------------

--
-- Table structure for table `category`
--

CREATE TABLE `category` (
  `category_id` int(11) NOT NULL,
  `category_name` varchar(255) DEFAULT NULL
) ENGINE=InnoDB DEFAULT CHARSET=utf8mb4 COLLATE=utf8mb4_general_ci;

--
-- Dumping data for table `category`
--

INSERT INTO `category` (`category_id`, `category_name`) VALUES
(1, 'การงาน'),
(2, 'ความรัก'),
(3, 'โชคลาภ');

-- --------------------------------------------------------

--
-- Table structure for table `district`
--

CREATE TABLE `district` (
  `district_id` int(11) NOT NULL,
  `district_name` varchar(255) DEFAULT NULL
) ENGINE=InnoDB DEFAULT CHARSET=utf8mb4 COLLATE=utf8mb4_general_ci;

--
-- Dumping data for table `district`
--

INSERT INTO `district` (`district_id`, `district_name`) VALUES
(1, 'กำแพงแสน'),
(2, 'ดอนตูม'),
(3, 'นครชัยศรี'),
(4, 'บางเลน'),
(5, 'พุทธมณฑล'),
(6, 'เมืองนครปฐม'),
(7, 'สามพราน');

-- --------------------------------------------------------

--
-- Table structure for table `rating`
--

CREATE TABLE `rating` (
  `rating_id` int(11) NOT NULL,
  `user_id` int(11) DEFAULT NULL,
  `attraction_id` int(11) DEFAULT NULL,
  `rating` int(11) DEFAULT NULL,
  `created_at` timestamp NOT NULL DEFAULT current_timestamp()
) ENGINE=InnoDB DEFAULT CHARSET=utf8mb4 COLLATE=utf8mb4_general_ci;

--
-- Dumping data for table `rating`
--

INSERT INTO `rating` (`rating_id`, `user_id`, `attraction_id`, `rating`, `created_at`) VALUES
(1, 1, 1, 5, '2026-02-15 06:50:30'),
(2, 1, 2, 4, '2026-02-15 06:50:30'),
(5, 3, 2, 4, '2026-02-15 06:50:30'),
(6, 3, 4, 5, '2026-02-15 06:50:30'),
(7, 1, 5, 4, '2026-02-15 06:50:30'),
(9, 4, 1, 3, '2026-02-15 06:50:30'),
(10, 4, 2, 4, '2026-02-15 06:50:30'),
(11, 1, 1, 5, '2026-02-15 06:50:32'),
(12, 1, 2, 4, '2026-02-15 06:50:32'),
(15, 3, 2, 4, '2026-02-15 06:50:32'),
(16, 3, 4, 5, '2026-02-15 06:50:32'),
(17, 1, 5, 4, '2026-02-15 06:50:32'),
(19, 4, 1, 3, '2026-02-15 06:50:32'),
(20, 4, 2, 4, '2026-02-15 06:50:32'),
(21, 1, 1, 5, '2026-02-15 06:50:33'),
(22, 1, 2, 4, '2026-02-15 06:50:33'),
(25, 3, 2, 4, '2026-02-15 06:50:33'),
(26, 3, 4, 5, '2026-02-15 06:50:33'),
(27, 1, 5, 4, '2026-02-15 06:50:33'),
(29, 4, 1, 3, '2026-02-15 06:50:33'),
(30, 4, 2, 4, '2026-02-15 06:50:33');

-- --------------------------------------------------------

--
-- Table structure for table `sect`
--

CREATE TABLE `sect` (
  `sect_id` int(11) NOT NULL,
  `sect_name` varchar(255) DEFAULT NULL
) ENGINE=InnoDB DEFAULT CHARSET=utf8mb4 COLLATE=utf8mb4_general_ci;

--
-- Dumping data for table `sect`
--

INSERT INTO `sect` (`sect_id`, `sect_name`) VALUES
(1, 'คาทอลิก'),
(2, 'จีนแต้จิ๋ว'),
(3, 'จีนแต้จิ๋ว/เต๋า'),
(4, 'จีนแต้จิ๋ว/มหายาน'),
(5, 'จีนไหหลำ/แต้จิ๋ว'),
(6, 'ไทย-จีน'),
(7, 'ธรรมยุต'),
(8, 'โปรเตสแตนต์'),
(9, 'พุทธ-ไทย-จีน'),
(10, 'มหานิกาย'),
(11, 'อนัมนิกาย');

-- --------------------------------------------------------

--
-- Table structure for table `type`
--

CREATE TABLE `type` (
  `type_id` int(11) NOT NULL,
  `type_name` varchar(255) DEFAULT NULL
) ENGINE=InnoDB DEFAULT CHARSET=utf8mb4 COLLATE=utf8mb4_general_ci;

--
-- Dumping data for table `type`
--

INSERT INTO `type` (`type_id`, `type_name`) VALUES
(1, 'คริสตจักร'),
(2, 'โบสถ์คาทอลิก'),
(3, 'โบสถ์โปรเตสแตนต์'),
(4, 'พระอารามหลวง'),
(5, 'โรงเจ'),
(6, 'วัดน้อย/โบสถ์ในสถานศึกษา'),
(7, 'วัดราษฎร์'),
(8, 'ศาลเจ้า'),
(9, 'ศาลเจ้าชุมชน'),
(10, 'ศาลเจ้าหลักเมือง'),
(11, 'ศาสนสถาน'),
(12, 'อารามนักพรตหญิง/สถานที่ภาวนาเงียบสงบ'),
(13, 'อาสนวิหาร/โบสถ์หลักประจำเขต');

-- --------------------------------------------------------

--
-- Table structure for table `user`
--

CREATE TABLE `user` (
  `user_id` int(11) NOT NULL,
  `user_name` varchar(255) DEFAULT NULL,
  `birth_date` date DEFAULT NULL,
  `password` varchar(255) DEFAULT NULL,
  `onboarding_data` text DEFAULT NULL,
  `role` varchar(50) DEFAULT NULL
) ENGINE=InnoDB DEFAULT CHARSET=utf8mb4 COLLATE=utf8mb4_general_ci;

--
-- Dumping data for table `user`
--

INSERT INTO `user` (`user_id`, `user_name`, `birth_date`, `password`, `onboarding_data`, `role`) VALUES
(1, 'Boboniisan', '1999-05-04', '123456789', NULL, 'user'),
(3, 'john_doe', '1990-05-15', 'password123', NULL, 'user'),
(4, 'jane_smith', '1992-08-22', 'password123', NULL, 'user'),
(5, 'admin_user', '1985-03-10', 'admin123', NULL, 'admin'),
(6, 'mike_wilson', '1988-11-30', 'password123', NULL, 'user'),
(7, 'sarah_johnson', '1995-07-18', 'password123', NULL, 'user');

--
-- Indexes for dumped tables
--

--
-- Indexes for table `attraction`
--
ALTER TABLE `attraction`
  ADD PRIMARY KEY (`attraction_id`),
  ADD KEY `type_id` (`type_id`),
  ADD KEY `district_id` (`district_id`),
  ADD KEY `sect_id` (`sect_id`);

--
-- Indexes for table `attraction_category`
--
ALTER TABLE `attraction_category`
  ADD PRIMARY KEY (`attraction_category_id`),
  ADD KEY `attraction_id` (`attraction_id`),
  ADD KEY `category_id` (`category_id`);

--
-- Indexes for table `attraction_image`
--
ALTER TABLE `attraction_image`
  ADD PRIMARY KEY (`image_id`),
  ADD KEY `attraction_id` (`attraction_id`);

--
-- Indexes for table `category`
--
ALTER TABLE `category`
  ADD PRIMARY KEY (`category_id`);

--
-- Indexes for table `district`
--
ALTER TABLE `district`
  ADD PRIMARY KEY (`district_id`);

--
-- Indexes for table `rating`
--
ALTER TABLE `rating`
  ADD PRIMARY KEY (`rating_id`),
  ADD KEY `user_id` (`user_id`),
  ADD KEY `attraction_id` (`attraction_id`);

--
-- Indexes for table `sect`
--
ALTER TABLE `sect`
  ADD PRIMARY KEY (`sect_id`);

--
-- Indexes for table `type`
--
ALTER TABLE `type`
  ADD PRIMARY KEY (`type_id`);

--
-- Indexes for table `user`
--
ALTER TABLE `user`
  ADD PRIMARY KEY (`user_id`);

--
-- AUTO_INCREMENT for dumped tables
--

--
-- AUTO_INCREMENT for table `attraction`
--
ALTER TABLE `attraction`
  MODIFY `attraction_id` int(11) NOT NULL AUTO_INCREMENT, AUTO_INCREMENT=319;

--
-- AUTO_INCREMENT for table `attraction_category`
--
ALTER TABLE `attraction_category`
  MODIFY `attraction_category_id` int(11) NOT NULL AUTO_INCREMENT, AUTO_INCREMENT=232;

--
-- AUTO_INCREMENT for table `attraction_image`
--
ALTER TABLE `attraction_image`
  MODIFY `image_id` int(11) NOT NULL AUTO_INCREMENT, AUTO_INCREMENT=3;

--
-- AUTO_INCREMENT for table `category`
--
ALTER TABLE `category`
  MODIFY `category_id` int(11) NOT NULL AUTO_INCREMENT, AUTO_INCREMENT=4;

--
-- AUTO_INCREMENT for table `district`
--
ALTER TABLE `district`
  MODIFY `district_id` int(11) NOT NULL AUTO_INCREMENT, AUTO_INCREMENT=8;

--
-- AUTO_INCREMENT for table `rating`
--
ALTER TABLE `rating`
  MODIFY `rating_id` int(11) NOT NULL AUTO_INCREMENT, AUTO_INCREMENT=31;

--
-- AUTO_INCREMENT for table `sect`
--
ALTER TABLE `sect`
  MODIFY `sect_id` int(11) NOT NULL AUTO_INCREMENT, AUTO_INCREMENT=12;

--
-- AUTO_INCREMENT for table `type`
--
ALTER TABLE `type`
  MODIFY `type_id` int(11) NOT NULL AUTO_INCREMENT, AUTO_INCREMENT=14;

--
-- AUTO_INCREMENT for table `user`
--
ALTER TABLE `user`
  MODIFY `user_id` int(11) NOT NULL AUTO_INCREMENT, AUTO_INCREMENT=8;

--
-- Constraints for dumped tables
--

--
-- Constraints for table `attraction`
--
ALTER TABLE `attraction`
  ADD CONSTRAINT `attraction_ibfk_1` FOREIGN KEY (`type_id`) REFERENCES `type` (`type_id`),
  ADD CONSTRAINT `attraction_ibfk_2` FOREIGN KEY (`district_id`) REFERENCES `district` (`district_id`),
  ADD CONSTRAINT `attraction_ibfk_3` FOREIGN KEY (`sect_id`) REFERENCES `sect` (`sect_id`);

--
-- Constraints for table `attraction_category`
--
ALTER TABLE `attraction_category`
  ADD CONSTRAINT `attraction_category_ibfk_1` FOREIGN KEY (`attraction_id`) REFERENCES `attraction` (`attraction_id`),
  ADD CONSTRAINT `attraction_category_ibfk_2` FOREIGN KEY (`category_id`) REFERENCES `category` (`category_id`);

--
-- Constraints for table `attraction_image`
--
ALTER TABLE `attraction_image`
  ADD CONSTRAINT `attraction_image_ibfk_1` FOREIGN KEY (`attraction_id`) REFERENCES `attraction` (`attraction_id`);

--
-- Constraints for table `rating`
--
ALTER TABLE `rating`
  ADD CONSTRAINT `rating_ibfk_1` FOREIGN KEY (`user_id`) REFERENCES `user` (`user_id`),
  ADD CONSTRAINT `rating_ibfk_2` FOREIGN KEY (`attraction_id`) REFERENCES `attraction` (`attraction_id`);
COMMIT;

/*!40101 SET CHARACTER_SET_CLIENT=@OLD_CHARACTER_SET_CLIENT */;
/*!40101 SET CHARACTER_SET_RESULTS=@OLD_CHARACTER_SET_RESULTS */;
/*!40101 SET COLLATION_CONNECTION=@OLD_COLLATION_CONNECTION */;
